Fund Name,P1,P2,P3,P4,P5,Topsis Score,Rank
M1,0.84,0.71,6.7,42.1,12.59,0.4760320806330074,5
M2,0.91,0.83,7.0,31.7,10.11,0.5334288931225494,2
M3,0.79,0.62,4.8,46.7,13.23,0.5140770039409133,3
M4,0.78,0.61,6.4,42.4,12.55,0.47278253457547337,6
M5,0.94,0.88,3.6,62.2,16.91,0.488287542259815,4
M6,0.88,0.77,6.5,51.5,14.91,0.4209525281039275,8
M7,0.66,0.44,5.3,48.9,13.83,0.4439855490729402,7
M8,0.93,0.86,3.4,37.0,10.55,0.6360667051480093,1
